{
  "resources": [
    "sounds/pizzaplaceaudio.m4a",
    "sounds/pizzaplaceaudio.oga",
    "sounds/pizzaplaceaudio.mp3"
  ],
  "spritemap": {
    "silence": {
      "start": 0,
      "end": 5,
      "loop": true
    },
    "Cat_PizzaReward2": {
      "start": 6,
      "end": 7.5416326530612245,
      "loop": false
    },
    "Jesse_PizzaReward1": {
      "start": 9,
      "end": 10.109795918367347,
      "loop": false
    },
    "Mora_PizzaReward1": {
      "start": 12,
      "end": 12.9937641723356,
      "loop": false
    },
    "Peg_10PieceOf": {
      "start": 14,
      "end": 16.02888888888889,
      "loop": false
    },
    "Peg_1PieceOf": {
      "start": 18,
      "end": 19.213174603174604,
      "loop": false
    },
    "Peg_2PieceOf": {
      "start": 21,
      "end": 22.64371882086168,
      "loop": false
    },
    "Peg_3PieceOf": {
      "start": 24,
      "end": 25.821360544217686,
      "loop": false
    },
    "Peg_4PieceOf": {
      "start": 27,
      "end": 29.012312925170068,
      "loop": false
    },
    "Peg_5PieceOf": {
      "start": 31,
      "end": 33.079795918367346,
      "loop": false
    },
    "Peg_6PieceOf": {
      "start": 35,
      "end": 37.32492063492064,
      "loop": false
    },
    "Peg_7PieceOf": {
      "start": 39,
      "end": 41.230226757369614,
      "loop": false
    },
    "Peg_8PieceOf": {
      "start": 43,
      "end": 45.03480725623583,
      "loop": false
    },
    "Peg_9PieceOf": {
      "start": 47,
      "end": 49.18791383219955,
      "loop": false
    },
    "Peg_AllDone1": {
      "start": 51,
      "end": 54.536961451247166,
      "loop": false
    },
    "Peg_AllDone2": {
      "start": 56,
      "end": 57.8459410430839,
      "loop": false
    },
    "Peg_AllDone3": {
      "start": 59,
      "end": 61.74448979591837,
      "loop": false
    },
    "Peg_AndThisFourthHas": {
      "start": 63,
      "end": 64.53698412698412,
      "loop": false
    },
    "Peg_AndThisHalfHas": {
      "start": 66,
      "end": 67.43877551020408,
      "loop": false
    },
    "Peg_Artichoke": {
      "start": 69,
      "end": 70.12410430839002,
      "loop": false
    },
    "Peg_Artichokes": {
      "start": 72,
      "end": 73.24668934240363,
      "loop": false
    },
    "Peg_Broccoli": {
      "start": 75,
      "end": 76.02857142857142,
      "loop": false
    },
    "Peg_CatWantsFourth": {
      "start": 78,
      "end": 79.84943310657596,
      "loop": false
    },
    "Peg_CatWantsHalf": {
      "start": 81,
      "end": 82.99444444444444,
      "loop": false
    },
    "Peg_CatWantsWhole": {
      "start": 84,
      "end": 86.09219954648526,
      "loop": false
    },
    "Peg_ClickTheToppingToPickItUp": {
      "start": 88,
      "end": 92.7358276643991,
      "loop": false
    },
    "Peg_CorrectLetsCount1": {
      "start": 94,
      "end": 96.54598639455783,
      "loop": false
    },
    "Peg_CorrectLetsCount2": {
      "start": 98,
      "end": 101.16480725623583,
      "loop": false
    },
    "Peg_Counting1": {
      "start": 103,
      "end": 103.51446712018141,
      "loop": false
    },
    "Peg_Counting10": {
      "start": 105,
      "end": 105.4456462585034,
      "loop": false
    },
    "Peg_Counting10_End": {
      "start": 107,
      "end": 107.8118820861678,
      "loop": false
    },
    "Peg_Counting11": {
      "start": 109,
      "end": 109.77260770975057,
      "loop": false
    },
    "Peg_Counting11_End": {
      "start": 111,
      "end": 112.19192743764172,
      "loop": false
    },
    "Peg_Counting12": {
      "start": 114,
      "end": 114.6701133786848,
      "loop": false
    },
    "Peg_Counting12_End": {
      "start": 116,
      "end": 116.74219954648527,
      "loop": false
    },
    "Peg_Counting13": {
      "start": 118,
      "end": 118.76117913832199,
      "loop": false
    },
    "Peg_Counting13_End": {
      "start": 120,
      "end": 121.05854875283447,
      "loop": false
    },
    "Peg_Counting14": {
      "start": 123,
      "end": 123.68725623582766,
      "loop": false
    },
    "Peg_Counting14_End": {
      "start": 125,
      "end": 126.12369614512471,
      "loop": false
    },
    "Peg_Counting15": {
      "start": 128,
      "end": 128.57716553287983,
      "loop": false
    },
    "Peg_Counting15_End": {
      "start": 130,
      "end": 130.92297052154194,
      "loop": false
    },
    "Peg_Counting16": {
      "start": 132,
      "end": 132.838231292517,
      "loop": false
    },
    "Peg_Counting16_End": {
      "start": 134,
      "end": 135.04301587301586,
      "loop": false
    },
    "Peg_Counting17": {
      "start": 137,
      "end": 137.829410430839,
      "loop": false
    },
    "Peg_Counting17_End": {
      "start": 139,
      "end": 140.16986394557824,
      "loop": false
    },
    "Peg_Counting18": {
      "start": 142,
      "end": 142.62936507936507,
      "loop": false
    },
    "Peg_Counting18_End": {
      "start": 144,
      "end": 144.8831292517007,
      "loop": false
    },
    "Peg_Counting19": {
      "start": 146,
      "end": 146.75925170068027,
      "loop": false
    },
    "Peg_Counting19_End": {
      "start": 148,
      "end": 148.91274376417235,
      "loop": false
    },
    "Peg_Counting1_End": {
      "start": 150,
      "end": 150.60630385487528,
      "loop": false
    },
    "Peg_Counting2": {
      "start": 152,
      "end": 152.51455782312925,
      "loop": false
    },
    "Peg_Counting20": {
      "start": 154,
      "end": 154.59163265306123,
      "loop": false
    },
    "Peg_Counting20_End": {
      "start": 156,
      "end": 156.88040816326532,
      "loop": false
    },
    "Peg_Counting2_End": {
      "start": 158,
      "end": 158.65925170068027,
      "loop": false
    },
    "Peg_Counting3": {
      "start": 160,
      "end": 160.46925170068027,
      "loop": false
    },
    "Peg_Counting3_End": {
      "start": 162,
      "end": 162.6120634920635,
      "loop": false
    },
    "Peg_Counting4": {
      "start": 164,
      "end": 164.51349206349207,
      "loop": false
    },
    "Peg_Counting4_End": {
      "start": 166,
      "end": 166.66226757369614,
      "loop": false
    },
    "Peg_Counting5": {
      "start": 168,
      "end": 168.57839002267573,
      "loop": false
    },
    "Peg_Counting5_End": {
      "start": 170,
      "end": 170.76104308390023,
      "loop": false
    },
    "Peg_Counting6": {
      "start": 172,
      "end": 172.72371882086168,
      "loop": false
    },
    "Peg_Counting6_End": {
      "start": 174,
      "end": 174.68954648526076,
      "loop": false
    },
    "Peg_Counting7": {
      "start": 176,
      "end": 176.61925170068028,
      "loop": false
    },
    "Peg_Counting7_End": {
      "start": 178,
      "end": 178.90263038548753,
      "loop": false
    },
    "Peg_Counting8": {
      "start": 180,
      "end": 180.50306122448978,
      "loop": false
    },
    "Peg_Counting8_End": {
      "start": 182,
      "end": 182.54473922902494,
      "loop": false
    },
    "Peg_Counting9": {
      "start": 184,
      "end": 184.56621315192743,
      "loop": false
    },
    "Peg_Counting9_End": {
      "start": 186,
      "end": 186.77421768707484,
      "loop": false
    },
    "Peg_CowWantsFourth": {
      "start": 188,
      "end": 190.20718820861677,
      "loop": false
    },
    "Peg_CowWantsHalf": {
      "start": 192,
      "end": 193.95580498866212,
      "loop": false
    },
    "Peg_CowWantsWhole": {
      "start": 195,
      "end": 197.24909297052153,
      "loop": false
    },
    "Peg_DoCustomer1": {
      "start": 199,
      "end": 201.050589569161,
      "loop": false
    },
    "Peg_DoCustomer2": {
      "start": 203,
      "end": 205.5491836734694,
      "loop": false
    },
    "Peg_DoCustomer3": {
      "start": 207,
      "end": 209.08532879818594,
      "loop": false
    },
    "Peg_DoCustomer4": {
      "start": 211,
      "end": 213.068820861678,
      "loop": false
    },